Species_Name,Scientific_Name,Conservation_Status,Dominant_Threat_Factor,Correlation_Value,Years_Max,Population_Trend_Summary,Conservation_Suggestion,N_Current_Pop_Size,r_Intrinsic_Growth_Rate,Es_Environmental_Stochasticity,Habitat_K_Ratio,Threat_Score_Fragmentation,Threat_Score_Poaching,Threat_Score_Conflict,Poaching_Harvest_Rate
Lion-tailed Macaque,Macaca silenus,Endangered,Habitat loss and fragmentation,0.88,60,Declining,"Stop encroachment, control hunting, prevent road-kills, manage fragmentation, restore degraded habitats, and implement conservation breeding.",3267,0.032526821,0.168324873,0.35980129,0.775360699,0.336828578,0.623361474,0.018252401
Bonnet Macaque,Macaca radiata,Vulnerable,Human-wildlife conflict,0.75,100,Population decreasing,Plan effective conservation strategies for this commensal species before its status worsens.,6141,0.129275173,0.05,0.618701425,0.655403219,0.498021132,0.130282047,0.033085702
Nilgiri Langur,Semnopithecus johnii,Vulnerable,Habitat destruction and poaching,0.78,100,Population decreasing,"Implement conservation plans including training forest staff, conflict resolution, and community involvement.",1586,0.13566998,0.3,0.454026124,0.580325101,0.352775828,0.425448558,0.085926316
Tufted Grey Langur,Semnopithecus priam,Near Threatened,"Habitat loss, degradation, and fragmentation",0.55,150,Population decreasing,"Focus on resolving human-primate conflicts, especially crop raiding, through community-based programs.",3066,0.102350861,0.188730964,0.664451936,0.362877944,0.538268319,0.304690032,0.058719129
Grey Slender Loris,Loris lydekkerianus,Near Threatened,Habitat loss and fragmentation; poaching,0.58,150,Population decreasing,The involvement of local communities and the forest department is essential for creating awareness and monitoring conflict zones.,4988,0.161158548,0.05,0.829727267,0.564760026,0.391578368,0.337695846,0.079821147
South-western Langur,Semnopithecus hypoleucos,Least Concern,Habitat loss and fragmentation; human-langur conflicts,0.25,200,Generally stable,Conservation strategies should be community-focused to address human-primate conflicts.,5690,0.06582841,0.05,0.89746178,0.441702004,0.162412954,0.299767424,0.028411339
Bengal Tiger,Panthera tigris,Endangered,Poaching for Illegal Wildlife Trade,0.93,60,Still at high risk despite conservation success,"Strengthen anti-poaching patrols, implement stricter law enforcement, and establish wildlife corridors.",4324,0.074507121,0.061015228,0.924370638,0.169901758,0.182356846,0.242273718,0.023047704
Indian Leopard,Panthera pardus,Vulnerable,Human-leopard conflict; illegal trade in skins,0.84,100,Population is declining,Focus on mitigating human-leopard conflict through community education. Protecting and restoring habitat connectivity is also essential.,8540,0.02,0.05,0.962108765,0.48991543,0.153931906,0.369595842,0.014028962
Indian Grey Wolf,Canis lupus pallipes,Endangered (in India),Habitat destruction and persecution by humans,0.83,60,"Population estimated at 2,000-3,000 individuals; declining","Focus on promoting coexistence with humans, including community education and compensation programs for livestock loss.",4050,0.145991376,0.088832487,0.655517444,0.46865392,0.642725183,0.234211919,0.047739881
Dhole (Indian Wild Dog),Cuon alpinus,Endangered,Habitat Loss and Prey Depletion,0.85,60,"Population decreasing, estimated at fewer than 2,500 mature individuals","Protect forest habitats and the prey species they depend on, and prevent forest fragmentation.",5615,0.115693098,0.05,0.470608274,0.712480302,0.245638347,0.474945412,0.042496071
Golden Jackal,Canis aureus,Least Concern,Human-wildlife conflict and habitat loss,0.2,200,Widespread and common,Conservation efforts should focus on public awareness programs to reduce human-jackal conflict and on creating coexistence strategies.,7879,0.02,0.05,0.67708194,0.1,0.05,0.385266151,0.010246338
Striped Hyena,Hyaena hyaena,Near Threatened,Persecution by humans; habitat loss and road kills,0.59,150,Population is dwindling in many parts of its range,Community-based conservation is key to changing negative perceptions and minimizing human-hyena conflict.,7019,0.02,0.05,0.8266535,0.547039966,0.499209666,0.389939117,0.089249129
Sloth Bear,Melursus ursinus,Vulnerable,Habitat loss and fragmentation; human-wildlife conflict; poaching,0.82,100,Decreasing overall due to habitat loss and human conflict,Protect and connect large forest patches to create wildlife corridors. Reducing human-bear conflict is also crucial.,9528,0.056368469,0.05,0.454548044,0.26888639,0.778629391,0.223931541,0.121513235
Rusty-spotted Cat,Prionailurus rubiginosus,Near Threatened,Habitat loss; persecution by farmers,0.5,150,Overall population is declining,Conservation needs to focus on habitat preservation. Community education is essential to reduce retaliatory killing.,8578,0.139682897,0.05,1,0.563844668,0.593270797,0.264546789,0.034641227
Jungle Cat,Felis chaus,Least Concern,Habitat loss (wetlands); persecution,0.35,200,Wide range and adaptable nature,Protect its wetland habitats. Public awareness about the species' importance in controlling rodent populations is vital.,9642,0.084981976,0.05,0.879577708,0.574856011,0.249169109,0.121813079,0.060721953
Leopard Cat,Prionailurus bengalensis,Least Concern,Habitat loss and fragmentation; poaching for fur/pet trade,0.3,200,Widespread and common,Conservation efforts should focus on regulating the illegal pet trade and enforcing laws that protect the species.,1533,0.059760654,0.3,0.658686566,0.482631045,0.05,0.247047591,0.010487142
Fishing Cat,Prionailurus viverrinus,Vulnerable,Wetland degradation/destruction; pollution; retaliatory killings,0.85,100,Global population declined by âˆ¼30% in the last 15 years,Protecting and restoring wetlands is the most critical step. Control pollution and use community engagement/education to reduce conflict.,4350,0.049694205,0.058375635,0.557825614,0.661458625,0.366432974,0.144513613,0.039781579
Malabar Large-spotted Civet,Viverra civettina,Critically Endangered,Severe Habitat Loss and Fragmentation,0.95,40,"Possibly extinct, no confirmed sightings since the early 1990s","Urgent action is needed: protecting remaining forest fragments, implementing conservation breeding programs, and conducting intensive surveys.",6966,0.047454402,0.05,0.566175784,0.250846788,0.36019403,0.496960277,0.088605594
Small Indian Civet,Viverricula indica,Least Concern,Habitat degradation and poaching,0.28,200,Wide distribution and adaptability,Focus on public awareness about the species' importance and protecting its habitats.,2911,0.02,0.204467005,0.714841243,0.72154409,0.157700097,0.307580372,0.026868362
Common Palm Civet,Paradoxurus hermaphroditus,Least Concern,Habitat loss and persecution (pest); illegal pet trade,0.33,200,Wide distribution and adaptability,Focus on developing coexistence strategies with local communities to mitigate conflict.,5053,0.039630208,0.05,0.654119479,0.358384227,0.537759326,0.325574585,0.089528609
Brown Palm Civet,Paradoxurus jerdoni,Least Concern,Habitat loss and fragmentation,0.38,200,Relatively stable population within its limited range,Conservation efforts should prioritize the protection of its specific forest habitats to prevent further fragmentation.,6412,0.046471096,0.05,0.890100551,0.18882027,0.861656625,0.266228021,0.171999273
Common Mongoose,Herpestes edwardsii,Least Concern,Road kills and hunting,0.15,200,Highly adaptable and widespread,Focus on public awareness to reduce persecution and road accidents.,7679,0.134131162,0.05,0.631404834,0.445520806,0.455570679,0.329636838,0.096742237
Ruddy Mongoose,Herpestes smithii,Least Concern,Habitat loss,0.1,200,Widespread and common,Habitat protection is crucial for this species.,5608,0.091713847,0.05,0.801100362,0.1,0.440119052,0.669731645,0.079791701
Stripe-necked Mongoose,Herpestes vitticollis,Least Concern,Habitat loss (riparian habitats),0.22,200,Widespread and common,Protecting the riverside habitats where it lives is essential for its conservation.,7915,0.058720758,0.05,0.694215023,0.550834778,0.165692988,0.254978957,0.012529563
Smooth-coated Otter,Lutrogale perspicillata,Vulnerable,Habitat loss and pollution of water bodies; poaching,0.77,100,Population decreasing,Protecting freshwater ecosystems from pollution and encroachment is critical. Anti-poaching efforts and community education are also vital.,9142,0.2,0.05,0.753933871,0.448149911,0.749353676,0.202438045,0.088164084
Nilgiri Marten,Martes gwatkinsii,Vulnerable,Habitat loss and fragmentation,0.76,100,Small and fragmented population,Protecting its unique montane forest habitat and establishing wildlife corridors to connect fragmented areas are essential.,1962,0.066805154,0.3,0.653988713,0.746737384,0.381213958,0.37945397,0.089820386
Honey Badger,Mellivora capensis,Least Concern,Habitat loss and persecution (HWC),0.37,200,Wide adaptability,Community education is crucial to reduce conflict and promote coexistence with this species.,7301,0.158355146,0.05,0.841543108,0.629784842,0.255259186,0.1,0.024229999
Brown Mongoose,Herpestes fuscus,Least Concern,Habitat loss and fragmentation,0.29,200,Widespread and common,Conservation efforts should focus on the protection of its specific montane forest habitat.,7874,0.181055428,0.05,0.844508016,0.221600733,0.415922098,0.309593518,0.051754603
Asiatic Elephant,Elephas maximus,Endangered,"Habitat loss, fragmentation, and human-elephant conflict",0.91,60,Declining due to human encroachment and high conflict rates,"Secure and restore habitats, establish wildlife corridors, and mitigate human-elephant conflict through community engagement.",6322,0.021501983,0.05,0.791985805,0.332322502,0.517990333,0.244243065,0.070661846
Gaur (Indian Bison),Bos gaurus,Vulnerable,Habitat loss and fragmentation; poaching,0.74,100,Population decreasing,Conservation efforts should focus on habitat protection and anti-poaching measures.,681,0.103698148,0.3,0.821502865,0.604132884,0.434803852,0.15115301,0.059951189
Sambar Deer,Rusa unicolor,Vulnerable,Habitat loss and degradation; poaching,0.73,100,Population decreasing,Habitat protection and strict anti-poaching laws are vital.,353,0.074123317,0.3,0.511126244,0.669415802,0.701538349,0.376163651,0.121077042
Spotted Deer (Chital),Axis axis,Least Concern,Habitat loss and poaching,0.18,200,Species is stable,Continued habitat protection is needed to ensure the species' long-term stability.,7817,0.07005378,0.05,0.764649153,0.744500183,0.495992888,0.308098263,0.118351426
Indian Muntjac,Muntiacus muntjak,Least Concern,Habitat loss and hunting,0.21,200,Widespread across India and Southeast Asia,Habitat protection and community-based conservation.,1724,0.127768841,0.3,0.949840353,0.742901857,0.329014547,0.1,0.032289008
Wild Boar,Sus scrofa,Least Concern,Persecution (pest) by farmers,0.1,200,Highly adaptable and widespread,"No specific conservation measures are required, but management of human-wildlife conflict is needed.",2320,0.068856475,0.264467005,0.798280913,0.482095478,0.500298054,0.203020572,0.037172283
Four-horned Antelope,Tetracerus quadricornis,Vulnerable,Habitat loss and fragmentation; hunting,0.72,100,Population decreasing,Protecting its specific habitat and strict enforcement of anti-poaching laws.,2543,0.075201548,0.241827411,0.493856499,0.572531124,0.524909275,0.1,0.046976282
Blackbuck,Antilope cervicapra,Least Concern,Habitat loss and hunting (historical),0.12,200,Population has recovered,Continued habitat protection is vital to prevent future decline.,5336,0.091594255,0.05,0.690046698,0.759747701,0.07590602,0.343990397,0.017259889
Indian Chevrotain,Moschiola indica,Least Concern,Habitat loss and hunting,0.23,200,Widespread and common,Protecting its forest habitat is essential.,5960,0.081330037,0.05,0.774995588,0.439338308,0.687354932,0.342494913,0.123147996
Indian Gazelle (Chinkara),Gazella bennettii,Least Concern,Habitat loss and hunting,0.19,200,Widespread and common,Habitat protection and anti-poaching measures.,1440,0.04132149,0.3,0.548520097,0.575945237,0.324773995,0.181007716,0.034809718
Malabar Giant Squirrel,Ratufa indica,Least Concern,Habitat loss and fragmentation,0.26,200,Under threat from habitat loss in certain areas,"Protecting its unique forest habitats, especially in the Western and Eastern Ghats, is crucial for its long-term survival.",260,0.139795325,0.3,0.428345761,0.434623844,0.331169194,0.381016907,0.070601758
Indian Giant Flying Squirrel,Petaurista philippensis,Least Concern,"Habitat degradation, fragmentation, and hunting",0.28,200,Stable status,Conservation efforts should focus on habitat protection and community awareness to reduce hunting.,9330,0.152426547,0.05,0.636780426,0.389810377,0.587843997,0.107625207,0.130662436
Travancore Flying Squirrel,Petinomys fuscocapillus,Vulnerable,Habitat loss and fragmentation,0.7,100,Population decreasing,Protecting and restoring its native forest habitats are critical.,1839,0.117180929,0.3,0.551833518,0.509677024,0.586791306,0.155022446,0.128685016
Indian Porcupine,Hystrix indica,Least Concern,Persecution (pest); hunting,0.15,200,Not a major conservation concern globally,Education for local communities to reduce human-wildlife conflict and strict enforcement of anti-poaching laws.,6385,0.081172367,0.05,0.697142194,0.36249131,0.22479208,0.36257857,0.052553085
Indian Hare,Lepus nigricollis,Least Concern,Habitat loss and hunting,0.17,200,Common in the Indian subcontinent,Continued habitat protection and monitoring of hunting levels are needed to maintain its stable population.,8170,0.064739463,0.05,0.381719071,0.473816805,0.600725405,0.196699987,0.060341788
Three-striped Palm Squirrel,Funambulus palmarum,Least Concern,Persecution (nuisance) in urban areas,0.1,200,Common throughout India and Sri Lanka,"None are specifically required, but coexistence strategies are needed in urban settings.",1452,0.064818997,0.3,0.812940213,0.293009027,0.259887962,0.290601457,0.05223966
Jungle Striped Squirrel,Funambulus tristriatus,Least Concern,Habitat loss; persecution (pest),0.19,200,Stable status,Habitat protection and managing human-squirrel conflict in agricultural areas.,4403,0.2,0.052994924,0.573078993,0.462001123,0.854893262,0.215452646,0.121487086
House Mouse,Mus musculus,Least Concern,Pest (population control/extermination),0.05,200,Global commensal species,No conservation suggestions; efforts focus on population control and management due to its pest status.,8563,0.146891915,0.05,0.899150447,0.589678059,0.192951505,0.238360327,0.042140553
Little Indian Field Mouse,Mus booduga,Least Concern,Agricultural pest (control measures),0.07,200,Widespread species,None are needed; efforts focus on pest management.,9850,0.057994496,0.05,0.644620232,0.382247293,0.459869365,0.244916368,0.089995577
Large Bandicoot Rat,Bandicota indica,Least Concern,Persecution (pest); habitat loss,0.09,200,Widespread and common,Management efforts are primarily for pest control.,3749,0.108234891,0.119390863,0.694922191,0.501858351,0.204495591,0.193986486,0.041980795
Lesser Bandicoot Rat,Bandicota bengalensis,Least Concern,Persecution (pest) and habitat control,0.08,200,Major pest,No conservation suggestions; focus is on pest management.,4397,0.081873249,0.053604061,0.665393024,0.527868519,0.9,0.345367457,0.163109131
House Rat,Rattus rattus,Least Concern,Pest (damages property and spreads diseases),0.06,200,Commensal rodent found globally,Control measures are the primary focus.,7209,0.129190019,0.05,0.562368062,0.590506978,0.090544764,0.205810727,0.01
Sahyadris Forest Rat,Rattus satarae,Vulnerable,Habitat loss and fragmentation,0.69,100,Endemic to the Western Ghats,Protection of its unique montane forest habitats is essential.,6867,0.127174955,0.05,1,0.473284032,0.531090687,0.302353007,0.084446278
Indian Bush Rat,Golunda ellioti,Least Concern,Habitat loss,0.14,200,Widespread and common,Continued monitoring of its population and habitat protection.,2522,0.154180483,0.243959391,0.600826764,0.717173268,0.216272396,0.190690248,0.053404997
Indian Flying Fox,Pteropus giganteus,Least Concern,Habitat loss; persecution; hunting,0.39,200,Widespread and major pollinator,Focus on public awareness about their ecological role as pollinators and seed dispersers to reduce persecution.,4290,0.057472177,0.064467005,0.904704304,0.1,0.31147309,0.1,0.073967886
Lesser Mouse-tailed Bat,Rhinopoma hardwickii,Least Concern,Habitat loss and disturbance to roosting sites,0.24,200,Widespread and common,Protecting their roosting sites from human disturbance is crucial.,7160,0.105236765,0.05,0.481274211,0.9,0.513384458,0.436865287,0.030102168
Greater False Vampire,Megaderma lyra,Least Concern,Habitat loss and disturbance to its roosting sites,0.27,200,Widespread and common,Protection of their roosting sites is essential.,3204,0.02,0.174720812,0.774426278,0.325773247,0.706146109,0.374929048,0.058583974
Lesser False Vampire,Megaderma spasma,Least Concern,Habitat destruction and human disturbance,0.29,200,Widespread and common,Protecting their forest habitats and roosting sites from human encroachment.,5336,0.037132985,0.05,0.795774433,0.580678005,0.805849141,0.64330231,0.061523161
Rufous Horseshoe Bat,Rhinolophus rouxii,Least Concern,Habitat loss and illegal cave-mining,0.32,200,Widespread and common,Protecting their roosting caves and forest habitats.,529,0.144205042,0.3,0.695164605,0.312306418,0.05,0.143404074,0.01
Kolar Leaf-nosed Bat,Hipposideros hypophyllus,Critically Endangered,Disturbance to its only known roosting site (mining),0.92,40,"Endemic to a single cave, steeply declining",The most urgent conservation measure is to declare the cave and its surrounding area a protected zone and stop all mining activities.,3840,0.05246581,0.110152284,0.585799056,0.628853632,0.466937806,0.268655927,0.099717868
Indian Painted Bat,Kerivoula picta,Least Concern,Habitat loss,0.3,200,Widespread and common,Protection of its forest habitats.,8182,0.05795456,0.05,0.647335619,0.555313831,0.764873401,0.280723878,0.070905503
Indian Pipistrelle,Pipistrellus coromandra,Least Concern,Use of pesticides in agricultural areas,0.31,200,Highly adaptable and widespread,Regulation of pesticide use and public awareness about the benefits of bats.,4307,0.099586096,0.062741117,0.6193421,0.369857293,0.05,0.448405416,0.01
Tickell's Bat,Hesperoptenus tickelli,Least Concern,Habitat loss,0.2,200,Widespread and common,Protecting its forest habitats.,1541,0.134738052,0.3,1,0.714617469,0.478595874,0.223933816,0.104401194
Asiatic Lesser Yellow House Bat,Scotophilus kuhlii,Least Concern,No major threats,0.05,200,Highly adaptable species,None needed.,8607,0.04695866,0.05,0.695479382,0.467207824,0.399479051,0.124343722,0.078521726
Wrinkle-lipped Free-tailed Bat,Chaerephon plicata,Least Concern,Disturbance to its roosting caves and pesticide use,0.34,200,Widespread and common,Protecting its roosting caves and managing pesticide use.,538,0.02,0.3,0.804977756,0.609443188,0.503635454,0.481171396,0.079799749
Wroughton's Free-tailed Bat,Otomops wroughtoni,Critically Endangered,Habitat loss and disturbance to its few known roosting caves (mining/tourism),0.9,40,"Extremely rare, steeply declining",Urgent protection of its roosting sites and their surrounding habitats.,6095,0.056488838,0.05,1,0.316568039,0.206923994,0.252502496,0.03477762
Horsfield's Shrew,Crocidura horsfieldi,Least Concern,Habitat loss,0.16,200,"Widespread, adaptable, and large population",None are specifically required.,2908,0.160281404,0.204771574,0.524736266,0.493822473,0.05,0.431796526,0.01
House Shrew,Suncus murinus,Least Concern,Nuisance to humans (control measures),0.05,200,One of the most widespread shrew species in the world,No specific conservation efforts are required.,1950,0.117156753,0.3,0.707532047,0.9,0.05,0.41432976,0.01
Pygmy-toothed Shrew,Suncus etruscus,Least Concern,Habitat loss,0.11,200,One of the smallest mammals in the world,Protecting its natural habitats is important.,5804,0.16619374,0.05,0.646162774,0.692593106,0.644095988,0.295516429,0.104990479
Hill Shrew,Suncus montanus,Least Concern,Habitat loss and fragmentation,0.25,200,Widespread and common,Protection of its specific montane forest habitat is crucial.,2621,0.043409193,0.233908629,0.682772311,0.561524151,0.676012284,0.273852944,0.1269396
Day's Shrew,Suncus dayi,Endangered,Habitat loss and fragmentation,0.79,60,Small and declining population,Urgent protection of its limited forest habitat is needed.,7319,0.02,0.05,0.664197607,0.410215834,0.475671337,0.241265279,0.106866503
Madras Hedgehog,Hemiechinus nudiventris,Least Concern,Habitat loss and poaching,0.18,200,Endemic to southern India,Public awareness and habitat protection are important to mitigate threats.,9101,0.123127428,0.05,0.553624583,0.513499707,0.266462913,0.297721031,0.047232755
Indian Pangolin,Manis crassicaudata,Endangered,Illegal poaching for the wildlife trade,0.95,60,Rapidly decreasing trend due to heavy poaching,"Urgent and strict anti-poaching measures, international collaboration to stop the illegal trade, and public awareness campaigns.",5519,0.112001137,0.05,0.739082057,0.539513198,0.05,0.429465034,0.010111215
Common Indian Toad,Duttaphrynus melanostictus,Least Concern,Human persecution; pollution and road kills,0.09,200,One of the most widespread and common toad species in Asia,No specific conservation efforts are required.,6809,0.115277716,0.05,0.487473445,0.589845687,0.540836366,0.180533973,0.044356331
Beddome's Toad,Duttaphrynus beddomii,Vulnerable,Habitat loss and fragmentation,0.68,100,Population is decreasing,Protecting and restoring its native forest habitats are critical.,5587,0.146649832,0.05,0.897776547,0.284667898,0.124805179,0.316326845,0.017761212
Ornate Warty Frog,Ghatophryne ornata,Vulnerable,Habitat loss and fragmentation,0.67,100,Population decreasing,Protecting its specific forest and stream habitats is essential.,4193,0.121084246,0.074314721,0.824661961,0.633681592,0.222175344,0.132205286,0.011523418
Rubiginous Warty Frog,Ghatophryne rubigina,Vulnerable,Habitat loss,0.66,100,Population decreasing,Protecting its native forest habitats is crucial.,8880,0.12028088,0.05,0.601307437,0.28208138,0.25335898,0.150884065,0.02516761
Malabar Tree Toad,Pedostibes tuberculosus,Vulnerable,Habitat loss and fragmentation,0.65,100,Population decreasing,Protecting and restoring its forest habitats are vital for its survival.,8244,0.135750351,0.05,0.611003336,0.82622517,0.350616194,0.29535915,0.068472658
Koyna Toad,Xanthophryne koynayensis,Endangered,Habitat loss,0.81,60,Population decreasing,Urgent protection of its limited habitat is needed.,8438,0.125120832,0.05,0.755102112,0.345674336,0.210239888,0.1,0.052215597
Indian Skittering Frog,Euphlyctis cyanophlyctis,Least Concern,Pollution of water bodies and habitat degradation,0.15,200,Widespread and highly adaptable,"None are specifically required, but maintaining healthy freshwater ecosystems is important.",5073,0.142872297,0.05,0.540290937,0.559325664,0.408364693,0.609083792,0.028518401
Indian Pond Frog,Euphlyctis hexadactylus,Least Concern,Habitat loss (draining of wetlands) and pollution,0.2,200,Widespread and common,Protecting and restoring wetland habitats are crucial for this species.,5006,0.150426041,0.05,1,0.701028515,0.244545425,0.121041007,0.031863991
Jerdon's Bullfrog,Hoplobatrachus crassus,Least Concern,Hunting for its meat,0.1,200,Widespread and common,None are specifically required.,8792,0.17658444,0.05,0.771585146,0.449523991,0.575343266,0.293986723,0.120830252
Indian Bullfrog,Hoplobatrachus tigerinus,Least Concern,Hunting for its legs,0.13,200,Widespread and common,Monitoring hunting pressure is important to ensure its population remains stable.,6113,0.067540434,0.05,0.77865263,0.568120004,0.657765728,0.475232658,0.059729816
Rufous Frog,Minervarya rufescens,Least Concern,Habitat loss,0.17,200,Widespread and common,Protection of its native forest habitat is important.,7324,0.124028105,0.05,0.836289016,0.78703631,0.427135669,0.170564199,0.0687761
Bengaluru Burrowing Frog,Sphaerotheca Bengaluru,Data Deficient,Habitat loss due to rapid urbanization,0.35,200,Not enough is known,Further research is needed to determine its conservation status and to implement protection measures.,3357,0.081483832,0.159187817,0.584107345,0.612880598,0.515656584,0.1,0.101385437
Monsoon Burrowing Frog,Sphaerotheca varshaabhu,Data Deficient,Habitat loss due to expansion and urbanization,0.3,200,Not enough is known,More research is needed to understand its population and range.,590,0.058322051,0.3,0.917801996,0.571110126,0.9,0.233258136,0.155877381
Indian Burrowing Frog,Sphaerotheca breviceps,Least Concern,No major threats,0.05,200,Widespread and adaptable,None are needed.,4630,0.065522984,0.05,0.722906673,0.163042921,0.106849186,0.168776943,0.01
Dobson's Burrowing Frog,Sphaerotheca dobsonii,Data Deficient,Habitat loss is a potential threat,0.25,200,Not enough is known,More research is needed to assess its conservation status.,9020,0.124747776,0.05,0.890029094,0.313255549,0.091632975,0.1,0.011094638
Kerala Frog,Fejervarya keralensis,Least Concern,Habitat loss and water pollution,0.18,200,Widespread and common,Protecting its forest and aquatic habitats is important.,7886,0.120912628,0.05,0.660409375,0.709384026,0.573749475,0.342733484,0.118627499
Kudremukh Frog,Fejervarya kudremukhensis,Endangered,Habitat loss,0.8,60,Population decreasing,The protection of the Kudremukh National Park is crucial for this species' survival.,4432,0.120020601,0.050050761,0.963455645,0.613990061,0.886635709,0.331064079,0.142611189
Mysore Frog,Fejervarya mysorensis,Vulnerable,Habitat loss,0.64,100,Population decreasing,Protecting its forest habitat is crucial.,8207,0.088714318,0.05,0.780268725,0.644293255,0.33487536,0.471348968,0.017094022
Karnataka Caecilian,Gegeneophis carnosus,Least Concern,Habitat loss,0.15,200,Widespread and common,Protecting its native forest habitats is important.,1721,0.100170738,0.3,1,0.627079386,0.831708461,0.131876645,0.168169914
Beddome's Caecilian,Ichthyophis beddomei,Least Concern,Habitat loss,0.16,200,Widespread and common,Protecting its forest habitats is crucial.,9218,0.140887635,0.05,0.626095677,0.757951306,0.42410843,0.1,0.02420059
Bombay Caecilian,Ichthyophis bombayensis,Least Concern,Habitat loss,0.17,200,Widespread and common,Protecting its native forest habitats is important.,1700,0.025530347,0.3,0.740909879,0.447720015,0.229778179,0.238991538,0.045759579
Narayan's Caecilian,Uraeotyphlus narayani,Least Concern,Habitat loss,0.15,200,Widespread and common,Protecting its forest habitats.,6937,0.101232105,0.05,0.493684751,0.524099992,0.152326903,0.286748601,0.013784992
Madhav's Caecilian,Gegeneophis madhavai,Vulnerable,Habitat loss and fragmentation,0.63,100,Population decreasing,Protecting its forest habitats from human encroachment.,3494,0.104497807,0.145279188,0.594140352,0.294265133,0.557353396,0.43820244,0.134664771
Marsh Crocodile,Mugger Crocodile,Vulnerable,"Habitat loss, accidental drowning, and persecution",0.71,100,Population increasing due to conservation efforts,"Protecting and restoring wetland habitats, promoting community awareness to reduce human-crocodilian conflict, and implementing stricter laws against illegal killing.",5285,0.137665213,0.05,0.82373731,0.244395483,0.171260233,0.511585201,0.021165735
Prashad's Dwarf Gecko,Hemidactylus prashadi,Vulnerable,Habitat loss and fragmentation,0.62,100,Population decreasing,Protecting its native forest habitats from human encroachment.,2619,0.032487579,0.234111675,0.925864888,0.171251857,0.420319211,0.48217187,0.048499088
White-striped Gecko,Geckoella albofasciata,Vulnerable,Habitat loss,0.61,100,Population decreasing,Protecting its forest habitats is crucial.,9326,0.174756687,0.05,1,0.3229673,0.795866256,0.34148155,0.063492308
Heteropholis Day Gecko,Cnemaspis heteropholis,Least Concern,Localized threats from habitat loss,0.15,200,Generally stable,Protecting its native forest and rocky habitats.,3242,0.110681521,0.170862944,0.680674219,0.810512363,0.323304902,0.419924888,0.035925913
Southern Flying Lizard,Draco dussumieri,Least Concern,Habitat loss,0.18,200,Widespread and common,Protecting its forest habitats.,4697,0.113329027,0.05,0.513357318,0.189454586,0.728502369,0.203925985,0.16415355
Peninsular Rock Agama,Psammophilus dorsalis,Least Concern,No major threats,0.05,200,Widespread and common,None are specifically needed.,1666,0.079931012,0.3,0.850665152,0.439292803,0.096364128,0.325259279,0.024020384
Large-scaled Forest Lizard,Calotes grandisquamis,Vulnerable,Habitat loss and fragmentation,0.6,100,Population decreasing,Protecting its forest habitats.,3761,0.126901118,0.118172589,0.474434556,0.241370935,0.266522725,0.121306479,0.032958708
Indian Chameleon,Chamaeleo zeylanicus,Least Concern,Hunting and capture for the illegal pet trade,0.2,200,Widespread and common,Regulation of the illegal pet trade and public awareness.,814,0.102397703,0.3,0.812855478,0.379805207,0.05,0.30940281,0.01
Common Indian Monitor Lizard,Varanus bengalensis,Least Concern,Poaching for its skin; killed out of fear,0.25,200,Widespread and common,Public awareness and strict enforcement of anti-poaching laws.,5592,0.160449097,0.05,0.599548857,0.533938758,0.418249189,0.313297005,0.081313576
Indian Skink,Eutropis carinata,Least Concern,No major threats,0.05,200,Highly adaptable and common,None are specifically needed.,7893,0.027925288,0.05,0.742318994,0.359976825,0.595019545,0.558319291,0.135211739
Indian Rock Python,Python molurus,Vulnerable,Habitat loss and illegal poaching,0.7,100,Population decreasing,Protecting their habitats and enforcing anti-poaching laws.,9574,0.108777291,0.05,0.91820922,0.717932973,0.418796772,0.265652571,0.070612849
Red Sand Boa,Eryx johnii,Least Concern,Illegal trade (traditional medicine/luck),0.25,200,Widespread and common,Raising awareness about its harmless nature and cracking down on the illegal wildlife trade.,3423,0.120425617,0.15248731,0.677853314,0.806795624,0.706762515,0.313506426,0.090681263
Common Sand Boa,Gongylophis conicus,Least Concern,Poaching for illegal pet trade and traditional medicine,0.22,200,Widespread and common,Public education and enforcement of anti-poaching laws.,7338,0.09068138,0.05,0.886575817,0.1,0.21270519,0.335544212,0.028188621
Oriental Rat Snake,Ptyas mucosa,Least Concern,Habitat loss and persecution by humans,0.15,200,Highly adaptable and widespread,Public awareness about its harmless and beneficial role in controlling rodent populations.,2867,0.079766709,0.20893401,0.87463171,0.363401534,0.456335688,0.231776953,0.086303862
Common Bronzeback Tree Snake,Dendrelaphis tristis,Least Concern,Habitat loss,0.1,200,Widespread and common,Protecting its forest and tree habitats.,8180,0.081852136,0.05,0.327133694,0.511828424,0.268132669,0.17962609,0.013579218
Checkered Keelback,Fowlea piscator,Least Concern,Water pollution and habitat loss,0.2,200,Widespread and common,Protecting freshwater ecosystems from pollution.,330,0.108731963,0.3,0.519679851,0.725223405,0.490419146,0.494821699,0.085292652
Common Wolf Snake,Lycodon aulicus,Least Concern,No major threats,0.05,200,Common and adaptable species,None are specifically needed.,3183,0.02,0.176852792,0.387638628,0.409151145,0.525934012,0.152862384,0.063689874
Common Trinket Snake,Coelognathus helena,Least Concern,Habitat loss,0.1,200,Widespread and common,Protecting its natural habitats.,4478,0.148250748,0.05,1,0.496012921,0.54559899,0.100812289,0.113942602
Spectacled Cobra,Naja naja,Vulnerable,"Habitat loss, persecution, and poaching",0.75,100,Population decreasing,"Public education to reduce human-snake conflict, and strict anti-poaching laws.",7326,0.075993407,0.05,0.678921615,0.268651155,0.132351415,0.402039807,0.01
King Cobra,Ophiophagus hannah,Vulnerable,Habitat loss and illegal poaching,0.76,100,Population decreasing,Protection of its forest habitats.,8430,0.106390135,0.05,1,0.19344083,0.177563475,0.473672226,0.029766821
Common Krait,Bungarus caeruleus,Least Concern,Persecution by humans,0.1,200,Widespread and common,Public awareness about its nocturnal nature and avoiding contact with it.,7894,0.118355113,0.05,0.373409544,0.789076938,0.223928073,0.232288551,0.03273707
Russell's Viper,Daboia russelii,Least Concern,Persecution by humans,0.08,200,Widespread and common,Public awareness about snakebite prevention and the use of anti-venom.,6840,0.073709731,0.05,0.585446315,0.135186025,0.340279813,0.234591977,0.060728073
Saw-scaled Viper,Echis carinatus,Least Concern,Persecution by humans,0.07,200,Widespread and common,Public awareness about its behavior and snakebite prevention.,5668,0.09344808,0.05,0.860099648,0.9,0.421796601,0.342381529,0.026560835
Malabar Pit Viper,Craspedocephalus malabaricus,Least Concern,Habitat loss,0.18,200,Widespread and common,Protecting its native forest habitats.,1120,0.02,0.3,0.735854921,0.64503028,0.57702228,0.193822098,0.095783828
Bamboo Pit Viper,Trimeresurus gramineus,Least Concern,Habitat loss,0.17,200,Widespread and common,Protecting its forest habitats.,7764,0.13660618,0.05,0.806571979,0.635994615,0.187975325,0.182743122,0.030507816
Jerdon's Shield-tail Snake,Uropeltis jerdoni,Vulnerable,Habitat loss and fragmentation,0.6,100,Population decreasing,Protecting its limited forest habitats.,8884,0.15400345,0.05,0.449238353,0.615093733,0.05,0.431938888,0.01
